url_path,views_total,views_unique
/mevanlc/reefs,3,2
/mevanlc/reefs/tree/main/art/creatures,3,2
/mevanlc/reefs/blob/main/art/creatures/bertrand.kdl,2,1
/mevanlc/reefs/blob/main/art/creatures/diamondfish.kdl,2,1
/mevanlc/reefs/blob/main/art/creatures/wigglewort.kdl,2,1
/mevanlc/reefs/tree/main/art,2,1
/mevanlc/reefs/blob/main/art/creatures/bee.kdl,1,1
/mevanlc/reefs/blob/main/art/creatures/bigbert.kdl,1,1
/mevanlc/reefs/blob/main/art/creatures/bumble.kdl,1,1
/mevanlc/reefs/blob/main/art/creatures/finnegan.kdl,1,1
